eqp_chance_cube_single;Chance Cube
eqp_configurable_group_dice_single;Configurable Dice
eqp_six_sided_dice_set_single;Six Sided Dice Set
eqp_ten_sided_dice_set_single;Ten Sided Dice Set
eqp_twelve_sided_dice_set_single;Twelve Sided Dice Set
eqp_twenty_sided_dice_set_single;Twenty Sided Dice Set
eqp_one_hundred_sided_dice_set_single;One Hundred Sided Dice Set
eqp_chance_cube_single_d;A single chance cube.
eqp_configurable_group_dice_single_d;These are configurable dice.
eqp_one_hundred_sided_dice_set_single_d;A set of one hundred sided dice.
eqp_six_sided_dice_set_single_d;A set of standard six sided dice.
eqp_ten_sided_dice_set_single_d;A set of standard ten sided dice.
eqp_twelve_sided_dice_set_single_d;A set of standard twelve sided dice.
eqp_twenty_sided_dice_set_single_d;A set of standard twenty sided dice.
eqp_dice_configure;Configure
